{"stats":{"minecraft:custom":{"minecraft:jump":14,"minecraft:time_since_rest":1579,"minecraft:leave_game":1,"minecraft:sprint_one_cm":1734,"minecraft:play_time":1579,"minecraft:walk_on_water_one_cm":623,"minecraft:time_since_death":1579,"minecraft:walk_one_cm":2207,"minecraft:total_world_time":1579,"minecraft:fall_one_cm":209,"minecraft:drop":1,"minecraft:fly_one_cm":2111},"minecraft:dropped":{"alexsmobs:animal_dictionary":1},"minecraft:mined":{"minecraft:sugar_cane":2},"minecraft:picked_up":{"minecraft:sugar_cane":5}},"DataVersion":3465}